none,216
Romance,196
Fluff,196
Post - War,115
Canon Compliant,112
Angst,101
Hurt/Comfort,74
Hinny,73
Alternate Universe - Canon Divergence,70
One Shot,68
Post - Hogwarts,66
Alternate Universe,65
Established Relationship,62
Drama,53
Smut,50
Tumblr Prompt,47
Fluff and Humor,45
Fluff and Angst,45
Humor,45
Post - Battle of Hogwarts,43
Book 6: Harry Potter and the Half - Blood Prince,42
Post - Canon,42
Family,41
Facebook: Drinny All The Way,41
Auror Harry Potter,40
Drabble,38
Domestic Fluff,37
Post - Harry Potter and the Deathly Hallows,37
Quidditch Player Ginny Weasley,36
POV Ginny Weasley,36
Quidditch,36
Alternate Universe - Muggle,36
Oral Sex,36
Friendship,34
Harry Potter Epilogue What Epilogue / EWE,34
Slow Burn,32
Drinny All The Ways Drinny - Con 2020,30
Explicit Sexual Content,29
Christmas Fluff,28
Post Traumatic Stress Disorder - PTSD,27
Angst with a Happy Ending,27
Plot What Plot/Porn Without Plot,27
Teen Romance,26
Fluff and Smut,26
Hogwarts,26
Book 7: Harry Potter and the Deathly Hallows,26
Pre - Epilogue,26
Time Travel,23
Vaginal Sex,23
Christmas,23
Missing Scene,22
Pregnancy,21
Male Ginny Weasley,21
Female Harry Potter,21
Kissing,20
Friends to Lovers,20
Family Fluff,20
Family Feels,20
Past Harry Potter/Ginny Weasley,20
Grief/Mourning,20
Mutual Pining,19
Harry Potter Next Generation,18
Anal Sex,18
Rough Sex,18
Emotional Hurt/Comfort,18
Alternate Universe - Gender Changes,18
Alternate Universe - Modern Setting,18
Love,17
Alternate Universe - Harry Potter Setting,17
Angst and Hurt/Comfort,17
AU,17
Sexual Content,17
Blow Jobs,17
Secret Relationship,17
Prompt Fic,17
Infidelity,16
BAMF Ginny Weasley,16
Not Epilogue Compliant,16
Not Canon Compliant,16
First Time,16
Alternate Universe - Always a Different Sex,16
Enemies to Lovers,15
Masturbation,15
Muggle AU,15
Sibling Incest,15
Character Death,14
Loss of Virginity,14
Falling In Love,14
Dark,14
Hogwarts Eighth Year,14
Pining,14
Rape/Non - con Elements,14
Explicit Language,14
Marriage Proposal,14
Cunnilingus,14
Light Angst,14
Hogwarts Sixth Year,13
Vaginal Fingering,13
Alternate Universe - Soulmates,13
Dirty Talk,13
Meet - Cute,13
